album_uri,album_name,album_img,album_release_date,album_release_year,album_popularity,track_name,track_uri,danceability,energy,key,loudness,mode,speechiness,acousticness,instrumentalness,liveness,valence,tempo,duration_ms,time_signature,key_mode,track_popularity,artist
4NQNWfXDGo6MPCscpwuTgz,Trilogy,https://i.scdn.co/image/5eeea2eae09dae3f224f4d440e8222825c124b28,2013-01-01,2013-01-01,41,High For This,5ViIbEgXhDBsLEapDKISRC,0.441,0.395,B,-9.662,minor,0.0972,0.763,7.42e-4,0.076,0.0699,75.011,247560,4,B minor,36,The Weeknd
4NQNWfXDGo6MPCscpwuTgz,Trilogy,https://i.scdn.co/image/5eeea2eae09dae3f224f4d440e8222825c124b28,2013-01-01,2013-01-01,41,What You Need,2lYqACur6GgSnRTiVhUaUm,0.497,0.39,G,-9.357,minor,0.084,0.514,0.0969,0.149,0.0742,133.584,196653,4,G minor,33,The Weeknd
4NQNWfXDGo6MPCscpwuTgz,Trilogy,https://i.scdn.co/image/5eeea2eae09dae3f224f4d440e8222825c124b28,2013-01-01,2013-01-01,41,House Of Balloons / Glass Table Girls - Album Version (Edited),4jVnYS7HVq2qKh0I1wDoIc,0.645,0.705,C,-5.723,major,0.0406,0.0107,0.00477,0.372,0.291,88.964,405773,4,C major,32,The Weeknd
4NQNWfXDGo6MPCscpwuTgz,Trilogy,https://i.scdn.co/image/5eeea2eae09dae3f224f4d440e8222825c124b28,2013-01-01,2013-01-01,41,The Morning - Album Version (Edited),47c0P4sWcp9FIv5ryQZ5dr,0.657,0.559,F#,-7.932,minor,0.042,0.33,0,0.0817,0.184,120.055,312640,4,F# minor,34,The Weeknd
4NQNWfXDGo6MPCscpwuTgz,Trilogy,https://i.scdn.co/image/5eeea2eae09dae3f224f4d440e8222825c124b28,2013-01-01,2013-01-01,41,Wicked Games,5OVYR3bs1pnmQ5wMWUQnZZ,0.655,0.583,A,-5.581,major,0.0314,0.00776,5.55e-6,0.249,0.302,114.075,323987,4,A major,39,The Weeknd
4NQNWfXDGo6MPCscpwuTgz,Trilogy,https://i.scdn.co/image/5eeea2eae09dae3f224f4d440e8222825c124b28,2013-01-01,2013-01-01,41,The Party & The After Party - Album Version (Edited),34jUlvCSF0vZpsneVaeNPm,0.681,0.642,F,-7.404,minor,0.0898,0.498,0,0.1,0.356,101.857,458787,4,F minor,30,The Weeknd
4NQNWfXDGo6MPCscpwuTgz,Trilogy,https://i.scdn.co/image/5eeea2eae09dae3f224f4d440e8222825c124b28,2013-01-01,2013-01-01,41,Coming Down,4QzEQf6b1RvlVtrqDEcfvB,0.672,0.602,D,-5.472,minor,0.0299,0.404,4.22e-5,0.172,0.26,120.971,295853,4,D minor,29,The Weeknd
4NQNWfXDGo6MPCscpwuTgz,Trilogy,https://i.scdn.co/image/5eeea2eae09dae3f224f4d440e8222825c124b28,2013-01-01,2013-01-01,41,Loft Music - Album Version (Edited),1Ngm5f21E4RjPPz63xzEVn,0.291,0.493,F#,-7.558,minor,0.134,0.57,6.62e-5,0.365,0.0601,80.763,365040,4,F# minor,29,The Weeknd
4NQNWfXDGo6MPCscpwuTgz,Trilogy,https://i.scdn.co/image/5eeea2eae09dae3f224f4d440e8222825c124b28,2013-01-01,2013-01-01,41,The Knowing,0O5pYfp9enRuEqwz2b7afL,0.459,0.557,F#,-8.999,minor,0.0291,0.586,0.027,0.168,0.114,85.971,340600,4,F# minor,28,The Weeknd
4NQNWfXDGo6MPCscpwuTgz,Trilogy,https://i.scdn.co/image/5eeea2eae09dae3f224f4d440e8222825c124b28,2013-01-01,2013-01-01,41,Twenty Eight,2paLNiRPdyEiDa0es9kEsg,0.641,0.633,D#,-7.115,minor,0.0339,0.555,1.52e-4,0.12,0.239,129.969,258733,4,D# minor,32,The Weeknd
4NQNWfXDGo6MPCscpwuTgz,Trilogy,https://i.scdn.co/image/5eeea2eae09dae3f224f4d440e8222825c124b28,2013-01-01,2013-01-01,41,Lonely Star - Album Version (Edited),187ugSczDNFxTFud4qyl3E,0.448,0.711,E,-5.678,minor,0.0926,0.378,0.0204,0.864,0.164,158.034,350653,4,E minor,27,The Weeknd
4NQNWfXDGo6MPCscpwuTgz,Trilogy,https://i.scdn.co/image/5eeea2eae09dae3f224f4d440e8222825c124b28,2013-01-01,2013-01-01,41,Life Of The Party,46OkPIeNMHjXkmX0dRs8Aw,0.559,0.686,A,-7.603,major,0.0346,0.0266,3.83e-5,0.558,0.475,138.047,296227,4,A major,26,The Weeknd
4NQNWfXDGo6MPCscpwuTgz,Trilogy,https://i.scdn.co/image/5eeea2eae09dae3f224f4d440e8222825c124b28,2013-01-01,2013-01-01,41,Thursday,36S7GkIEDWVoVjj8CMqafv,0.485,0.612,F,-8.987,minor,0.0392,0.483,2.77e-4,0.155,0.247,59.956,320027,4,F minor,26,The Weeknd
4NQNWfXDGo6MPCscpwuTgz,Trilogy,https://i.scdn.co/image/5eeea2eae09dae3f224f4d440e8222825c124b28,2013-01-01,2013-01-01,41,The Zone - Album Version (Edited),5zggls08Fw43MEb2r9kSUW,0.608,0.525,D#,-8.053,minor,0.0815,0.275,2.19e-4,0.128,0.256,139.978,417947,4,D# minor,31,The Weeknd
4NQNWfXDGo6MPCscpwuTgz,Trilogy,https://i.scdn.co/image/5eeea2eae09dae3f224f4d440e8222825c124b28,2013-01-01,2013-01-01,41,The Birds Pt. 1,7qTQcwir9OphuMh623yAP5,0.574,0.667,C,-7.362,minor,0.0622,0.031,0,0.0829,0.22,127.854,214187,4,C minor,29,The Weeknd
4NQNWfXDGo6MPCscpwuTgz,Trilogy,https://i.scdn.co/image/5eeea2eae09dae3f224f4d440e8222825c124b28,2013-01-01,2013-01-01,41,The Birds Pt. 2 - Album Version (Edited),3ZWPgfiiEbvYZluf9ad7hX,0.3,0.529,A,-9.615,minor,0.0533,0.755,2.9e-5,0.589,0.078,183.733,353413,4,A minor,26,The Weeknd
4NQNWfXDGo6MPCscpwuTgz,Trilogy,https://i.scdn.co/image/5eeea2eae09dae3f224f4d440e8222825c124b28,2013-01-01,2013-01-01,41,Gone - Album Version (Edited),7HpZV1a8804ziJXhpkGbmI,0.493,0.694,G,-7.353,minor,0.33,0.695,4.8e-4,0.0833,0.325,107.648,487240,4,G minor,25,The Weeknd
4NQNWfXDGo6MPCscpwuTgz,Trilogy,https://i.scdn.co/image/5eeea2eae09dae3f224f4d440e8222825c124b28,2013-01-01,2013-01-01,41,Rolling Stone - Album Version (Edited),73YDy9nozZlYRCKzinbl4x,0.686,0.334,D#,-11.748,minor,0.0304,0.392,3.05e-5,0.138,0.664,129.918,230387,4,D# minor,27,The Weeknd
4NQNWfXDGo6MPCscpwuTgz,Trilogy,https://i.scdn.co/image/5eeea2eae09dae3f224f4d440e8222825c124b28,2013-01-01,2013-01-01,41,Heaven Or Las Vegas,6hSZPWiHTpTTmyiicWlMX8,0.529,0.71,B,-8.238,minor,0.0695,0.0131,1.74e-4,0.133,0.191,125.05,351467,4,B minor,22,The Weeknd
4NQNWfXDGo6MPCscpwuTgz,Trilogy,https://i.scdn.co/image/5eeea2eae09dae3f224f4d440e8222825c124b28,2013-01-01,2013-01-01,41,Valerie,1cqnGwMySViy27OYfuKLvC,0.634,0.543,F,-6.337,minor,0.0463,0.325,9.95e-6,0.0743,0.426,147.985,286853,4,F minor,27,The Weeknd
0a6nvQQ7hqmFbqAZVUanDW,Kiss Land (Deluxe MENA Version),https://i.scdn.co/image/a315808ee954006999c9c06ae57ced9624a5c89d,2013-09-09,2013-09-09,17,Professional,4HOCKlxanIZAYvi6xlLZwR,0.406,0.614,B,-8.916,minor,0.0595,0.174,2.11e-4,0.07,0.231,120.08,368720,4,B minor,25,The Weeknd
0a6nvQQ7hqmFbqAZVUanDW,Kiss Land (Deluxe MENA Version),https://i.scdn.co/image/a315808ee954006999c9c06ae57ced9624a5c89d,2013-09-09,2013-09-09,17,The Town,2K73sh2Kyr0bisUUe67rO0,0.625,0.529,G#,-8.237,minor,0.0347,0.381,2.87e-6,0.0795,0.192,139.991,307347,4,G# minor,8,The Weeknd
0a6nvQQ7hqmFbqAZVUanDW,Kiss Land (Deluxe MENA Version),https://i.scdn.co/image/a315808ee954006999c9c06ae57ced9624a5c89d,2013-09-09,2013-09-09,17,Adaptation,5f3h1UdxL3A9sDRAJbdfYo,0.635,0.793,B,-6.8,minor,0.0715,0.167,5.18e-4,0.302,0.607,114.942,283933,4,B minor,11,The Weeknd
0a6nvQQ7hqmFbqAZVUanDW,Kiss Land (Deluxe MENA Version),https://i.scdn.co/image/a315808ee954006999c9c06ae57ced9624a5c89d,2013-09-09,2013-09-09,17,Love In The Sky,2QM7GceiaeVC4eH5uApBmx,0.641,0.746,A,-6.961,minor,0.0497,0.219,2.76e-4,0.653,0.348,115.034,267920,4,A minor,3,The Weeknd
0a6nvQQ7hqmFbqAZVUanDW,Kiss Land (Deluxe MENA Version),https://i.scdn.co/image/a315808ee954006999c9c06ae57ced9624a5c89d,2013-09-09,2013-09-09,17,Belong To The World,1HwHhPU5jAkTAzoVhppuex,0.501,0.854,F,-6.267,minor,0.0578,0.0037200000000000002,0,0.123,0.399,120.965,307147,4,F minor,16,The Weeknd
0a6nvQQ7hqmFbqAZVUanDW,Kiss Land (Deluxe MENA Version),https://i.scdn.co/image/a315808ee954006999c9c06ae57ced9624a5c89d,2013-09-09,2013-09-09,17,Live For,5Hegrok6kmVN7uXVWkvgDz,0.63,0.661,A,-7.828,minor,0.162,0.521,0,0.112,0.19,75.989,222693,4,A minor,4,The Weeknd
0a6nvQQ7hqmFbqAZVUanDW,Kiss Land (Deluxe MENA Version),https://i.scdn.co/image/a315808ee954006999c9c06ae57ced9624a5c89d,2013-09-09,2013-09-09,17,Wanderlust,5bFmHEQgR9UCTwPer3tWft,0.629,0.652,C#,-5.235,minor,0.0464,0.0848,0.295,0.067,0.0833,115.946,306693,4,C# minor,15,The Weeknd
0a6nvQQ7hqmFbqAZVUanDW,Kiss Land (Deluxe MENA Version),https://i.scdn.co/image/a315808ee954006999c9c06ae57ced9624a5c89d,2013-09-09,2013-09-09,17,Kiss Land,0sC1e2vvXn6usfpgXVhevu,0.325,0.85,G,-6.651,major,0.107,0.0421,0,0.0622,0.406,121.979,455387,4,G major,4,The Weeknd
0a6nvQQ7hqmFbqAZVUanDW,Kiss Land (Deluxe MENA Version),https://i.scdn.co/image/a315808ee954006999c9c06ae57ced9624a5c89d,2013-09-09,2013-09-09,17,Pretty,5TGCPGkIgNGNz1BjWl2j5J,0.57,0.639,B,-7.731,minor,0.0395,0.0321,2.85e-5,0.402,0.353,125.993,375400,4,B minor,5,The Weeknd
0a6nvQQ7hqmFbqAZVUanDW,Kiss Land (Deluxe MENA Version),https://i.scdn.co/image/a315808ee954006999c9c06ae57ced9624a5c89d,2013-09-09,2013-09-09,17,Tears In The Rain,6mUWMlWX86Mn9kYwSTZqaI,0.66,0.626,C#,-7.849,major,0.0481,0.112,0.204,0.0846,0.185,159.903,444653,4,C# major,8,The Weeknd
0a6nvQQ7hqmFbqAZVUanDW,Kiss Land (Deluxe MENA Version),https://i.scdn.co/image/a315808ee954006999c9c06ae57ced9624a5c89d,2013-09-09,2013-09-09,17,Wanderlust,2jYDC9fMp3FD6TZx3IRI9J,0.741,0.595,C#,-7.471,minor,0.0435,0.1,0.00165,0.108,0.459,116.008,305693,4,C# minor,7,The Weeknd
0a6nvQQ7hqmFbqAZVUanDW,Kiss Land (Deluxe MENA Version),https://i.scdn.co/image/a315808ee954006999c9c06ae57ced9624a5c89d,2013-09-09,2013-09-09,17,Odd Look,5NWZKYemdvViFPnwmOcl3M,0.559,0.839,A#,-5.845,minor,0.0706,0.205,0,0.115,0.268,104.858,252493,4,A# minor,3,The Weeknd
36yJ6fcaSCVsK1tybnNizj,Beauty Behind The Madness,https://i.scdn.co/image/51a60fbb7daba6e6fbc0d3b47e34017dce6f3921,2016-03-16,2016-03-16,25,Real Life,60jW6P7AGw2FozTaqctJ4i,0.585,0.652,B,-5.017,minor,0.0488,0.459,0,0.341,0.342,90.652,223347,4,B minor,16,The Weeknd
36yJ6fcaSCVsK1tybnNizj,Beauty Behind The Madness,https://i.scdn.co/image/51a60fbb7daba6e6fbc0d3b47e34017dce6f3921,2016-03-16,2016-03-16,25,Losers,2bWO9puW3hXQcZZsehDRCo,0.665,0.499,C,-9.83,minor,0.0481,0.0366,3.91e-4,0.505,0.28,91.003,281173,4,C minor,15,The Weeknd
36yJ6fcaSCVsK1tybnNizj,Beauty Behind The Madness,https://i.scdn.co/image/51a60fbb7daba6e6fbc0d3b47e34017dce6f3921,2016-03-16,2016-03-16,25,Tell Your Friends,4cgDltqQz6YKPotLNbfGDn,0.588,0.46,C#,-10.993,minor,0.0491,0.25,0,0.181,0.308,74.539,334200,4,C# minor,15,The Weeknd
36yJ6fcaSCVsK1tybnNizj,Beauty Behind The Madness,https://i.scdn.co/image/51a60fbb7daba6e6fbc0d3b47e34017dce6f3921,2016-03-16,2016-03-16,25,Often,3Hf7SsKqVeZ0uW164edrJl,0.573,0.625,G,-9.773,minor,0.0469,0.247,0,0.128,0.0649,134.032,249107,4,G minor,17,The Weeknd
36yJ6fcaSCVsK1tybnNizj,Beauty Behind The Madness,https://i.scdn.co/image/51a60fbb7daba6e6fbc0d3b47e34017dce6f3921,2016-03-16,2016-03-16,25,The Hills,7H5EBs3aGqRPZaGEvU6y6F,0.581,0.574,C,-7.023,minor,0.0579,0.0598,0,0.146,0.154,113.001,242280,4,C minor,22,The Weeknd
36yJ6fcaSCVsK1tybnNizj,Beauty Behind The Madness,https://i.scdn.co/image/51a60fbb7daba6e6fbc0d3b47e34017dce6f3921,2016-03-16,2016-03-16,25,Acquainted,5OejsjQoFVXniKLsXYs7G4,0.445,0.491,G,-9.848,minor,0.0514,0.457,0,0.084,0.249,105.923,348893,4,G minor,16,The Weeknd
36yJ6fcaSCVsK1tybnNizj,Beauty Behind The Madness,https://i.scdn.co/image/51a60fbb7daba6e6fbc0d3b47e34017dce6f3921,2016-03-16,2016-03-16,25,Can't Feel My Face,64bYIchESwtANfBlwJoK1e,0.474,0.76,A,-5.434,minor,0.0584,0.129,0,0.0949,0.52,107.511,213520,4,A minor,26,The Weeknd
36yJ6fcaSCVsK1tybnNizj,Beauty Behind The Madness,https://i.scdn.co/image/51a60fbb7daba6e6fbc0d3b47e34017dce6f3921,2016-03-16,2016-03-16,25,Shameless,7MMQME7nvRBZ1ru82bJ9of,0.606,0.56,F#,-8.245,major,0.0274,0.137,0,0.099,0.256,100.029,253507,4,F# major,16,The Weeknd
36yJ6fcaSCVsK1tybnNizj,Beauty Behind The Madness,https://i.scdn.co/image/51a60fbb7daba6e6fbc0d3b47e34017dce6f3921,2016-03-16,2016-03-16,25,Earned It (Fifty Shades Of Grey),7ID2dydg1QFuWObmdhwzfm,0.48,0.281,D,-8.409,minor,0.0387,0.441,0,0.0757,0.373,119.783,277707,3,D minor,26,The Weeknd
36yJ6fcaSCVsK1tybnNizj,Beauty Behind The Madness,https://i.scdn.co/image/51a60fbb7daba6e6fbc0d3b47e34017dce6f3921,2016-03-16,2016-03-16,25,In The Night,17ghHlAfjnAIEpYGTlX4GL,0.504,0.676,G,-4.945,major,0.0775,0.085,0,0.0476,0.582,167.902,235627,3,G major,16,The Weeknd
36yJ6fcaSCVsK1tybnNizj,Beauty Behind The Madness,https://i.scdn.co/image/51a60fbb7daba6e6fbc0d3b47e34017dce6f3921,2016-03-16,2016-03-16,25,As You Are,2d1ogCmohNk5jsRTk0eCNs,0.361,0.331,C,-9.805,minor,0.0538,0.157,0.00517,0.25,0.0567,173.769,340493,4,C minor,13,The Weeknd
36yJ6fcaSCVsK1tybnNizj,Beauty Behind The Madness,https://i.scdn.co/image/51a60fbb7daba6e6fbc0d3b47e34017dce6f3921,2016-03-16,2016-03-16,25,Dark Times,3JOh1LxSDVjTLF5DAB8R5M,0.499,0.427,G,-9.576,major,0.0808,0.0892,1.03e-5,0.123,0.218,133.091,260640,3,G major,12,The Weeknd
36yJ6fcaSCVsK1tybnNizj,Beauty Behind The Madness,https://i.scdn.co/image/51a60fbb7daba6e6fbc0d3b47e34017dce6f3921,2016-03-16,2016-03-16,25,Prisoner,3q3INoUz56tAaKXZSkONon,0.555,0.411,C,-12.738,minor,0.0404,0.45,1.21e-4,0.203,0.341,135.051,274960,4,C minor,12,The Weeknd
36yJ6fcaSCVsK1tybnNizj,Beauty Behind The Madness,https://i.scdn.co/image/51a60fbb7daba6e6fbc0d3b47e34017dce6f3921,2016-03-16,2016-03-16,25,Angel,2qHMUxqGht8K1wNjXG40wH,0.624,0.587,A#,-7.545,minor,0.0424,0.112,0,0.13,0.329,128.008,377627,4,A# minor,11,The Weeknd
36yJ6fcaSCVsK1tybnNizj,Beauty Behind The Madness,https://i.scdn.co/image/51a60fbb7daba6e6fbc0d3b47e34017dce6f3921,2016-03-16,2016-03-16,25,Can't Feel My Face - Martin Garrix Remix,5KIfOGEy5DM2TaT0ph5nYM,0.616,0.692,A,-5.405,minor,0.0884,0.0113,1.48e-5,0.311,0.13,128.033,253933,4,A minor,23,The Weeknd
36yJ6fcaSCVsK1tybnNizj,Beauty Behind The Madness,https://i.scdn.co/image/51a60fbb7daba6e6fbc0d3b47e34017dce6f3921,2016-03-16,2016-03-16,25,The Hills - Remix,2jpBr2dJrIgrpkqorINSAa,0.501,0.627,C,-6.654,minor,0.242,0.0573,0,0.0937,0.29,111.773,263960,4,C minor,12,The Weeknd
36yJ6fcaSCVsK1tybnNizj,Beauty Behind The Madness,https://i.scdn.co/image/51a60fbb7daba6e6fbc0d3b47e34017dce6f3921,2016-03-16,2016-03-16,25,The Hills - Remix,019FM2BxcPE2vyGWeOWhvS,0.42,0.6,C,-7.003,minor,0.113,0.103,0,0.127,0.178,113.082,243493,4,C minor,9,The Weeknd
2ODvWsOgouMbaA5xf0RkJe,Starboy,https://i.scdn.co/image/7bc60842d505753942b0cedf0e95f53074867806,2016-11-25,2016-11-25,78,Starboy,7MXVkk9YMctZqd1Srtv4MB,0.675,0.595,G,-7.033,major,0.284,0.168,3.36e-6,0.136,0.491,185.998,230453,4,G major,79,The Weeknd
2ODvWsOgouMbaA5xf0RkJe,Starboy,https://i.scdn.co/image/7bc60842d505753942b0cedf0e95f53074867806,2016-11-25,2016-11-25,78,Party Monster,4F7A0DXBrmUAkp32uenhZt,0.585,0.612,C#,-8.341,major,0.0806,0.181,1.03e-5,0.293,0.188,77.487,249213,4,C# major,73,The Weeknd
2ODvWsOgouMbaA5xf0RkJe,Starboy,https://i.scdn.co/image/7bc60842d505753942b0cedf0e95f53074867806,2016-11-25,2016-11-25,78,False Alarm,4oeaIftdpT3JuZLcCkKmVE,0.513,0.674,G#,-6.483,minor,0.0776,0.0288,3.79e-5,0.188,0.192,174.019,220307,4,G# minor,66,The Weeknd
2ODvWsOgouMbaA5xf0RkJe,Starboy,https://i.scdn.co/image/7bc60842d505753942b0cedf0e95f53074867806,2016-11-25,2016-11-25,78,Reminder,37F0uwRSrdzkBiuj0D5UHI,0.71,0.495,G#,-7.369,major,0.22,0.156,0,0.164,0.396,160.091,218880,4,G# major,73,The Weeknd
2ODvWsOgouMbaA5xf0RkJe,Starboy,https://i.scdn.co/image/7bc60842d505753942b0cedf0e95f53074867806,2016-11-25,2016-11-25,78,Rockinâ€™,36YCdzT57us0LhDmCYtrNE,0.735,0.886,A,-5.572,minor,0.216,0.014,0,0.0788,0.758,113.002,232880,4,A minor,66,The Weeknd
2ODvWsOgouMbaA5xf0RkJe,Starboy,https://i.scdn.co/image/7bc60842d505753942b0cedf0e95f53074867806,2016-11-25,2016-11-25,78,Secrets,00NAQYOP4AmWR549nnYJZu,0.674,0.779,C,-5.779,major,0.0509,0.0183,7.35e-6,0.474,0.732,109.933,265600,4,C major,70,The Weeknd
2ODvWsOgouMbaA5xf0RkJe,Starboy,https://i.scdn.co/image/7bc60842d505753942b0cedf0e95f53074867806,2016-11-25,2016-11-25,78,True Colors,1oGdVdYjeQvojGKDddxLQQ,0.68,0.429,C#,-8.297,major,0.218,0.299,0,0.195,0.595,76.806,206013,4,C# major,70,The Weeknd
2ODvWsOgouMbaA5xf0RkJe,Starboy,https://i.scdn.co/image/7bc60842d505753942b0cedf0e95f53074867806,2016-11-25,2016-11-25,78,Stargirl Interlude,4EDijkJdHBZZ0GwJ12iTAj,0.637,0.477,F,-12.733,minor,0.117,0.355,0.0682,0.0981,0.468,90.018,111640,4,F minor,64,The Weeknd
2ODvWsOgouMbaA5xf0RkJe,Starboy,https://i.scdn.co/image/7bc60842d505753942b0cedf0e95f53074867806,2016-11-25,2016-11-25,78,Sidewalks,4h90qkbnW1Qq6pBhoPvwko,0.542,0.727,C#,-5.268,minor,0.0849,0.135,0,0.328,0.548,150.098,231360,4,C# minor,69,The Weeknd
2ODvWsOgouMbaA5xf0RkJe,Starboy,https://i.scdn.co/image/7bc60842d505753942b0cedf0e95f53074867806,2016-11-25,2016-11-25,78,Six Feet Under,4mU5iXHeLgbR94siF7p1sY,0.768,0.485,F#,-8.435,minor,0.0825,0.102,0,0.128,0.289,140.016,237573,4,F# minor,68,The Weeknd
2ODvWsOgouMbaA5xf0RkJe,Starboy,https://i.scdn.co/image/7bc60842d505753942b0cedf0e95f53074867806,2016-11-25,2016-11-25,78,Love To Lay,27BgDmciSjoxTG0almHTpZ,0.71,0.805,G,-5.045,minor,0.0546,0.0475,0,0.16,0.72,116.985,223293,4,G minor,63,The Weeknd
2ODvWsOgouMbaA5xf0RkJe,Starboy,https://i.scdn.co/image/7bc60842d505753942b0cedf0e95f53074867806,2016-11-25,2016-11-25,78,A Lonely Night,0ifooM33X1iBxVYyOkSbXW,0.853,0.65,G,-7.03,minor,0.0837,0.0466,7.27e-6,0.089,0.85,113.993,220173,4,G minor,65,The Weeknd
2ODvWsOgouMbaA5xf0RkJe,Starboy,https://i.scdn.co/image/7bc60842d505753942b0cedf0e95f53074867806,2016-11-25,2016-11-25,78,Attention,6pDVjCUA3B1vg9waKutAsv,0.664,0.439,E,-7.296,minor,0.136,0.67,2.7e-4,0.119,0.376,148.073,197653,4,E minor,66,The Weeknd
2ODvWsOgouMbaA5xf0RkJe,Starboy,https://i.scdn.co/image/7bc60842d505753942b0cedf0e95f53074867806,2016-11-25,2016-11-25,78,Ordinary Life,15k2nBQJ0teDmPZHrOXL2N,0.549,0.595,G,-7.583,minor,0.0989,0.0322,0,0.103,0.387,149.859,221920,4,G minor,65,The Weeknd
2ODvWsOgouMbaA5xf0RkJe,Starboy,https://i.scdn.co/image/7bc60842d505753942b0cedf0e95f53074867806,2016-11-25,2016-11-25,78,Nothing Without You,57qiTKh8bVX0VtfUNTQqhw,0.652,0.637,C#,-8.094,major,0.0593,0.0677,0,0.0996,0.173,110.08,198653,4,C# major,65,The Weeknd
2ODvWsOgouMbaA5xf0RkJe,Starboy,https://i.scdn.co/image/7bc60842d505753942b0cedf0e95f53074867806,2016-11-25,2016-11-25,78,All I Know,0NWqNXBJTpXbkI5rPWNy3p,0.64,0.423,G#,-10.567,minor,0.0657,0.446,1.51e-4,0.095,0.18,120.029,321027,4,G# minor,65,The Weeknd
2ODvWsOgouMbaA5xf0RkJe,Starboy,https://i.scdn.co/image/7bc60842d505753942b0cedf0e95f53074867806,2016-11-25,2016-11-25,78,Die For You,2Ch7LmS7r2Gy2kc64wv3Bz,0.585,0.513,C#,-7.126,minor,0.07,0.1,0,0.147,0.533,133.387,260253,4,C# minor,75,The Weeknd
2ODvWsOgouMbaA5xf0RkJe,Starboy,https://i.scdn.co/image/7bc60842d505753942b0cedf0e95f53074867806,2016-11-25,2016-11-25,78,I Feel It Coming,3dhjNA0jGA8vHBQ1VdD6vV,0.767,0.819,C,-5.945,minor,0.127,0.44,0,0.0863,0.583,92.99,269187,4,C minor,75,The Weeknd
2rmMeEq5D1Bg7YFRwtHBDr,xx,https://i.scdn.co/image/765dd18a89c2dbbb8d548dfb6387001eb362d25c,2009-08-18,2009-08-18,58,Intro,0DAsxISzun85PbsqAfIzeC,0.617,0.778,A,-8.871,minor,0.027,0.459,0.925,0.128,0.152,100.363,127920,4,A minor,66,The XX
2rmMeEq5D1Bg7YFRwtHBDr,xx,https://i.scdn.co/image/765dd18a89c2dbbb8d548dfb6387001eb362d25c,2009-08-18,2009-08-18,58,VCR,4vU90MimdQpV2e1wPi1ljJ,0.755,0.482,C,-12.729,major,0.03,0.891,0.818,0.1,0.481,109.354,177093,4,C major,52,The XX
2rmMeEq5D1Bg7YFRwtHBDr,xx,https://i.scdn.co/image/765dd18a89c2dbbb8d548dfb6387001eb362d25c,2009-08-18,2009-08-18,58,Crystalised,1nmCmB3qdXrzxFhvLJuhuB,0.763,0.484,B,-12.368,minor,0.0311,0.812,0.393,0.0841,0.416,122.913,201947,4,B minor,56,The XX
2rmMeEq5D1Bg7YFRwtHBDr,xx,https://i.scdn.co/image/765dd18a89c2dbbb8d548dfb6387001eb362d25c,2009-08-18,2009-08-18,58,Islands,27BpBnTNtY9SBrE3EusnM6,0.871,0.472,E,-11.077,major,0.0756,0.74,0.286,0.145,0.707,124.04,160720,4,E major,54,The XX
2rmMeEq5D1Bg7YFRwtHBDr,xx,https://i.scdn.co/image/765dd18a89c2dbbb8d548dfb6387001eb362d25c,2009-08-18,2009-08-18,58,Heart Skipped A Beat,1O4pg2612aT6PGCAp6Wt1V,0.825,0.347,B,-13.148,major,0.0504,0.551,0.813,0.0893,0.511,122.744,242267,4,B major,50,The XX
2rmMeEq5D1Bg7YFRwtHBDr,xx,https://i.scdn.co/image/765dd18a89c2dbbb8d548dfb6387001eb362d25c,2009-08-18,2009-08-18,58,Fantasy,0AdA0M0xJSlWwGjiSdoSSy,0.151,0.0749,G#,-15.489,major,0.0406,0.678,0.911,0.11,0.0345,63.222,158240,5,G# major,45,The XX
2rmMeEq5D1Bg7YFRwtHBDr,xx,https://i.scdn.co/image/765dd18a89c2dbbb8d548dfb6387001eb362d25c,2009-08-18,2009-08-18,58,Shelter,5YeF3yVKzbxW1KI4kPcSVo,0.265,0.377,C,-15.678,major,0.0797,0.802,0.536,0.107,0.0621,214.131,270240,4,C major,48,The XX
2rmMeEq5D1Bg7YFRwtHBDr,xx,https://i.scdn.co/image/765dd18a89c2dbbb8d548dfb6387001eb362d25c,2009-08-18,2009-08-18,58,Basic Space,4ORbUYpR6MDsJYTHh3xBWH,0.94,0.208,A,-15.235,minor,0.0853,0.21,0.085,0.105,0.148,115.872,188120,4,A minor,47,The XX
2rmMeEq5D1Bg7YFRwtHBDr,xx,https://i.scdn.co/image/765dd18a89c2dbbb8d548dfb6387001eb362d25c,2009-08-18,2009-08-18,58,Infinity,17eEVo7K960G9wGKNS6rag,0.626,0.267,A,-13.962,major,0.0301,0.812,0.882,0.111,0.142,109.191,313387,4,A major,48,The XX
2rmMeEq5D1Bg7YFRwtHBDr,xx,https://i.scdn.co/image/765dd18a89c2dbbb8d548dfb6387001eb362d25c,2009-08-18,2009-08-18,58,Night Time,5xkNgedTp6xrbqt5gdq6TE,0.68,0.391,B,-11.754,minor,0.032,0.509,0.186,0.122,0.137,122.007,216853,4,B minor,46,The XX
2rmMeEq5D1Bg7YFRwtHBDr,xx,https://i.scdn.co/image/765dd18a89c2dbbb8d548dfb6387001eb362d25c,2009-08-18,2009-08-18,58,Stars,57x3uHJoS1IaJ7XgCGeMtM,0.676,0.2,A,-17.735,minor,0.0282,0.826,0.0289,0.144,0.176,104.016,262640,4,A minor,48,The XX
2cRMVS71c49Pf5SnIlJX3U,Coexist,https://i.scdn.co/image/157e70e972abd949119a276f6543930ff2c8316d,2012-09-10,2012-09-10,62,Angels,1zuKjpp4t7BS8JPKi6mkQr,0.424,0.157,A,-18.141,major,0.0428,0.95,0.0593,0.101,0.342,91.537,171653,4,A major,69,The XX
2cRMVS71c49Pf5SnIlJX3U,Coexist,https://i.scdn.co/image/157e70e972abd949119a276f6543930ff2c8316d,2012-09-10,2012-09-10,62,Chained,1zQX8Tf3fRYw8Djxh5kUKq,0.732,0.468,A,-13.662,minor,0.0409,0.482,0.809,0.371,0.187,118.994,167547,4,A minor,55,The XX
2cRMVS71c49Pf5SnIlJX3U,Coexist,https://i.scdn.co/image/157e70e972abd949119a276f6543930ff2c8316d,2012-09-10,2012-09-10,62,Fiction,2WWkBERKDC4MZN8nhiAdQQ,0.786,0.362,G,-13.785,minor,0.0373,0.695,0.408,0.0897,0.642,115.022,176480,4,G minor,58,The XX
2cRMVS71c49Pf5SnIlJX3U,Coexist,https://i.scdn.co/image/157e70e972abd949119a276f6543930ff2c8316d,2012-09-10,2012-09-10,62,Try,0PgejWYSlSaTwzxwCI15pW,0.558,0.181,D,-18.213,major,0.0413,0.638,0.154,0.0887,0.116,96.004,195427,4,D major,51,The XX
2cRMVS71c49Pf5SnIlJX3U,Coexist,https://i.scdn.co/image/157e70e972abd949119a276f6543930ff2c8316d,2012-09-10,2012-09-10,62,Reunion,2B4p8xjpBFP8ZinAtewfrB,0.692,0.367,F#,-16.224,minor,0.0662,0.839,0.685,0.113,0.0514,112.203,237173,4,F# minor,54,The XX
2cRMVS71c49Pf5SnIlJX3U,Coexist,https://i.scdn.co/image/157e70e972abd949119a276f6543930ff2c8316d,2012-09-10,2012-09-10,62,Sunset,7DImv0qWPEiAYUPJ0yKuDd,0.835,0.182,D,-15.876,major,0.0762,0.557,0.456,0.113,0.369,119.98,218587,4,D major,59,The XX
2cRMVS71c49Pf5SnIlJX3U,Coexist,https://i.scdn.co/image/157e70e972abd949119a276f6543930ff2c8316d,2012-09-10,2012-09-10,62,Missing,6hUbZBdGn909BiTsv70HP6,0.202,0.294,G,-13.687,major,0.0451,0.63,0.0415,0.0992,0.0398,79.308,213507,4,G major,54,The XX
2cRMVS71c49Pf5SnIlJX3U,Coexist,https://i.scdn.co/image/157e70e972abd949119a276f6543930ff2c8316d,2012-09-10,2012-09-10,62,Tides,12DE4ela8kEMRNIEYEhKy2,0.714,0.212,A,-13.178,minor,0.0444,0.727,0.145,0.0644,0.356,99.033,181e3,4,A minor,51,The XX
2cRMVS71c49Pf5SnIlJX3U,Coexist,https://i.scdn.co/image/157e70e972abd949119a276f6543930ff2c8316d,2012-09-10,2012-09-10,62,Unfold,39er5vmZ8JXatAKaLaplkl,0.259,0.25,D,-20.716,major,0.0518,0.829,0.242,0.112,0.0789,199.768,182920,3,D major,50,The XX
2cRMVS71c49Pf5SnIlJX3U,Coexist,https://i.scdn.co/image/157e70e972abd949119a276f6543930ff2c8316d,2012-09-10,2012-09-10,62,Swept Away,3DKqZWrdtLBNKT9OOcdTK2,0.773,0.366,E,-15.95,minor,0.056,0.669,0.496,0.0727,0.0608,116.053,299253,4,E minor,50,The XX
2cRMVS71c49Pf5SnIlJX3U,Coexist,https://i.scdn.co/image/157e70e972abd949119a276f6543930ff2c8316d,2012-09-10,2012-09-10,62,Our Song,4n9wwuZpBp96K0zXcDsnCg,0.274,0.187,B,-20.879,minor,0.0549,0.514,0.388,0.0852,0.039,95.629,193813,4,B minor,53,The XX
2PXy9USZAoTSdtrxfkPBnl,I See You,https://i.scdn.co/image/328d3fb5348a28e14d17e2a9d28223c349b1bea0,2017-01-13,2017-01-13,65,Dangerous,33B2QbtAj8mbDpwvGTOnBt,0.774,0.709,G#,-6.166,major,0.0465,0.00224,0.00224,0.21,0.565,119.982,25e4,4,G# major,61,The XX
2PXy9USZAoTSdtrxfkPBnl,I See You,https://i.scdn.co/image/328d3fb5348a28e14d17e2a9d28223c349b1bea0,2017-01-13,2017-01-13,65,Say Something Loving,728zbo72kOoYdGR3AhNsyF,0.627,0.721,C,-7.782,minor,0.0304,0.296,6.41e-5,0.231,0.383,130.08,238373,4,C minor,63,The XX
2PXy9USZAoTSdtrxfkPBnl,I See You,https://i.scdn.co/image/328d3fb5348a28e14d17e2a9d28223c349b1bea0,2017-01-13,2017-01-13,65,Lips,1onfcprzpSGh2LqrBh17AA,0.523,0.591,C#,-8.772,major,0.0543,0.494,0.511,0.0788,0.195,173.94,200627,4,C# major,58,The XX
2PXy9USZAoTSdtrxfkPBnl,I See You,https://i.scdn.co/image/328d3fb5348a28e14d17e2a9d28223c349b1bea0,2017-01-13,2017-01-13,65,A Violent Noise,661bbtA19xopO3lH0J4Qvr,0.549,0.423,C,-8.885,minor,0.0373,0.745,0.172,0.127,0.144,119.345,227467,4,C minor,56,The XX
2PXy9USZAoTSdtrxfkPBnl,I See You,https://i.scdn.co/image/328d3fb5348a28e14d17e2a9d28223c349b1bea0,2017-01-13,2017-01-13,65,Performance,5UCsGZSezdlGA1bY3QMgXG,0.277,0.313,A,-9.413,minor,0.0383,0.494,2.7e-4,0.106,0.0582,84.975,246013,1,A minor,51,The XX
2PXy9USZAoTSdtrxfkPBnl,I See You,https://i.scdn.co/image/328d3fb5348a28e14d17e2a9d28223c349b1bea0,2017-01-13,2017-01-13,65,Replica,4O4xuKdvJvl7HpFlYGwudS,0.623,0.44,G#,-10.934,major,0.0327,0.468,0.502,0.177,0.511,79.978,249e3,4,G# major,56,The XX
2PXy9USZAoTSdtrxfkPBnl,I See You,https://i.scdn.co/image/328d3fb5348a28e14d17e2a9d28223c349b1bea0,2017-01-13,2017-01-13,65,Brave For You,53e5O0USYgSCv4md0CXpMY,0.54,0.417,A#,-11.048,minor,0.0307,0.664,4.25e-4,0.106,0.281,134.762,253093,4,A# minor,50,The XX
2PXy9USZAoTSdtrxfkPBnl,I See You,https://i.scdn.co/image/328d3fb5348a28e14d17e2a9d28223c349b1bea0,2017-01-13,2017-01-13,65,On Hold,5CPqOpKSk0QcJ3dGdaWcRB,0.723,0.669,C,-6.784,major,0.0348,0.0522,0.192,0.109,0.35,125.051,224133,4,C major,69,The XX
2PXy9USZAoTSdtrxfkPBnl,I See You,https://i.scdn.co/image/328d3fb5348a28e14d17e2a9d28223c349b1bea0,2017-01-13,2017-01-13,65,I Dare You,044qU7kwVZaDwzWnRsmVVL,0.752,0.543,C#,-9.483,major,0.0398,0.623,0.0706,0.107,0.282,126.001,233280,4,C# major,68,The XX
2PXy9USZAoTSdtrxfkPBnl,I See You,https://i.scdn.co/image/328d3fb5348a28e14d17e2a9d28223c349b1bea0,2017-01-13,2017-01-13,65,Test Me,3qLwtC9jEWugjkzyZlYgeg,0.253,0.177,F#,-17.696,major,0.042,0.904,0.0615,0.119,0.0395,120.259,235827,4,F# major,49,The XX
2nPokmAvYy5qYO4rFU7ZDm,Pure Heroine,https://i.scdn.co/image/302e2799b8aedce74eef43b15e19e815ddcb4926,2013-01-01,2013-01-01,13,Tennis Court,6pb4C9VZ5Yb1DHx5S4Zn88,0.758,0.546,C,-8.597,major,0.0635,0.0156,1.94e-4,0.237,0.404,90.019,198907,4,C major,11,Lorde
2nPokmAvYy5qYO4rFU7ZDm,Pure Heroine,https://i.scdn.co/image/302e2799b8aedce74eef43b15e19e815ddcb4926,2013-01-01,2013-01-01,13,400 Lux,6hbEvR45Lj5EjgqF9XqXdi,0.512,0.474,D,-8.36,major,0.0371,0.0787,0.00345,0.134,0.194,183.991,234286,4,D major,9,Lorde
2nPokmAvYy5qYO4rFU7ZDm,Pure Heroine,https://i.scdn.co/image/302e2799b8aedce74eef43b15e19e815ddcb4926,2013-01-01,2013-01-01,13,Royals,2IuepwvMuaTlNN0DSgVsCg,0.62,0.42,G,-10.163,major,0.157,0.0786,0,0.294,0.355,84.814,189440,4,G major,11,Lorde
2nPokmAvYy5qYO4rFU7ZDm,Pure Heroine,https://i.scdn.co/image/302e2799b8aedce74eef43b15e19e815ddcb4926,2013-01-01,2013-01-01,13,Ribs,38WyDtxZhxm63jiythwemE,0.511,0.472,E,-9.277,major,0.091,0.534,0.614,0.11,0.0399,127.978,258969,4,E major,9,Lorde
2nPokmAvYy5qYO4rFU7ZDm,Pure Heroine,https://i.scdn.co/image/302e2799b8aedce74eef43b15e19e815ddcb4926,2013-01-01,2013-01-01,13,Buzzcut Season,3S2yviOGRLQe2AIvjwPLBO,0.733,0.62,C#,-10.525,major,0.075,0.606,0.305,0.117,0.247,111.039,246755,4,C# major,9,Lorde
2nPokmAvYy5qYO4rFU7ZDm,Pure Heroine,https://i.scdn.co/image/302e2799b8aedce74eef43b15e19e815ddcb4926,2013-01-01,2013-01-01,13,Team,2EA3zDCZYf3pKCCaOSP95r,0.69,0.578,F#,-7.436,major,0.0929,0.167,0,0.305,0.416,99.961,193059,4,F# major,12,Lorde
2nPokmAvYy5qYO4rFU7ZDm,Pure Heroine,https://i.scdn.co/image/302e2799b8aedce74eef43b15e19e815ddcb4926,2013-01-01,2013-01-01,13,Glory And Gore,5t66N4GZHz4TjWtAJ7n91R,0.689,0.377,C#,-8.761,major,0.0397,0.285,0,0.268,0.294,143.946,210738,4,C# major,8,Lorde
2nPokmAvYy5qYO4rFU7ZDm,Pure Heroine,https://i.scdn.co/image/302e2799b8aedce74eef43b15e19e815ddcb4926,2013-01-01,2013-01-01,13,Still Sane,1Lc4lAA1veVkXuh8O8LQif,0.357,0.361,C,-12.14,major,0.0452,0.665,0.00592,0.0682,0.0958,131.601,188133,3,C major,7,Lorde
2nPokmAvYy5qYO4rFU7ZDm,Pure Heroine,https://i.scdn.co/image/302e2799b8aedce74eef43b15e19e815ddcb4926,2013-01-01,2013-01-01,13,White Teeth Teens,54tzMbjw0ChuUBBlGPBmjz,0.654,0.304,F#,-9.067,minor,0.0358,0.647,7.18e-5,0.147,0.102,113.992,216600,4,F# minor,7,Lorde
2nPokmAvYy5qYO4rFU7ZDm,Pure Heroine,https://i.scdn.co/image/302e2799b8aedce74eef43b15e19e815ddcb4926,2013-01-01,2013-01-01,13,A World Alone,6MEd3Xv1tQILtkqi0V30bw,0.561,0.485,C#,-8.343,minor,0.0362,0.289,0.00164,0.194,0.0663,118.016,294222,4,C# minor,7,Lorde
2nPokmAvYy5qYO4rFU7ZDm,Pure Heroine,https://i.scdn.co/image/302e2799b8aedce74eef43b15e19e815ddcb4926,2013-01-01,2013-01-01,13,Bravado,1QUQ5fhDSoto8xXPIc9h84,0.489,0.535,G,-10.34,major,0.0933,0.539,0.0266,0.166,0.04,175.921,221409,4,G major,6,Lorde
2nPokmAvYy5qYO4rFU7ZDm,Pure Heroine,https://i.scdn.co/image/302e2799b8aedce74eef43b15e19e815ddcb4926,2013-01-01,2013-01-01,13,Swingin Party,3JVwTOIObTSv3MqGNRDPKM,0.337,0.245,A#,-13.442,major,0.0384,0.92,2.56e-5,0.119,0.107,107.472,222363,4,A# major,6,Lorde
2nPokmAvYy5qYO4rFU7ZDm,Pure Heroine,https://i.scdn.co/image/302e2799b8aedce74eef43b15e19e815ddcb4926,2013-01-01,2013-01-01,13,Bravado - Fffrrannno Remix,4NANEz86igmnKs0ZzqMBOw,0.661,0.61,B,-8.519,minor,0.0467,0.0202,6.19e-5,0.284,0.205,88.012,221866,4,B minor,6,Lorde
5NrFMOprmnMEf4gMnLaHcq,Pure Heroine (Extended),https://i.scdn.co/image/ffd9356f667d5ab0e88ee6b377054e7ffd9b48a7,2013-01-01,2013-01-01,59,Tennis Court,7vzczp2f2qK3YywNkZ2uo5,0.764,0.557,C,-8.591,major,0.0595,0.0143,1.93e-4,0.24,0.412,89.996,198907,4,C major,53,Lorde
5NrFMOprmnMEf4gMnLaHcq,Pure Heroine (Extended),https://i.scdn.co/image/ffd9356f667d5ab0e88ee6b377054e7ffd9b48a7,2013-01-01,2013-01-01,59,400 Lux,5z2YdsdkDtaYNbbNLguNlC,0.509,0.474,D,-8.338,major,0.0376,0.084,0.00242,0.18,0.2,184.037,234286,4,D major,50,Lorde
5NrFMOprmnMEf4gMnLaHcq,Pure Heroine (Extended),https://i.scdn.co/image/ffd9356f667d5ab0e88ee6b377054e7ffd9b48a7,2013-01-01,2013-01-01,59,Royals,4zztp85oS36ijgAWwyhX8p,0.676,0.429,G,-9.582,major,0.136,0.118,0,0.135,0.321,84.822,190185,4,G major,55,Lorde
5NrFMOprmnMEf4gMnLaHcq,Pure Heroine (Extended),https://i.scdn.co/image/ffd9356f667d5ab0e88ee6b377054e7ffd9b48a7,2013-01-01,2013-01-01,59,Ribs,1n46BBFHozz6jDufJ81BDT,0.525,0.471,E,-9.335,major,0.0664,0.523,0.567,0.108,0.0436,127.881,258969,4,E major,51,Lorde
5NrFMOprmnMEf4gMnLaHcq,Pure Heroine (Extended),https://i.scdn.co/image/ffd9356f667d5ab0e88ee6b377054e7ffd9b48a7,2013-01-01,2013-01-01,59,Buzzcut Season,0i7Hh51R5z3Y32tJPFV54V,0.73,0.626,C#,-10.535,major,0.0727,0.623,0.375,0.116,0.251,111.03,246755,4,C# major,52,Lorde
5NrFMOprmnMEf4gMnLaHcq,Pure Heroine (Extended),https://i.scdn.co/image/ffd9356f667d5ab0e88ee6b377054e7ffd9b48a7,2013-01-01,2013-01-01,59,Team,1RjUaJM9aKGixVZlbcFUZv,0.691,0.582,F#,-7.444,major,0.0939,0.162,0,0.247,0.427,100.05,193059,4,F# major,55,Lorde
5NrFMOprmnMEf4gMnLaHcq,Pure Heroine (Extended),https://i.scdn.co/image/ffd9356f667d5ab0e88ee6b377054e7ffd9b48a7,2013-01-01,2013-01-01,59,Glory And Gore,4OcOhRiM4GiHs2RJNtz6hG,0.69,0.382,C#,-8.781,major,0.04,0.264,0,0.272,0.262,143.939,210738,4,C# major,50,Lorde
5NrFMOprmnMEf4gMnLaHcq,Pure Heroine (Extended),https://i.scdn.co/image/ffd9356f667d5ab0e88ee6b377054e7ffd9b48a7,2013-01-01,2013-01-01,59,Still Sane,2AAf5oM9Jr58b7pCbZni0E,0.274,0.361,C,-12.115,major,0.0684,0.664,0.0049,0.0773,0.104,175.704,188133,4,C major,47,Lorde
5NrFMOprmnMEf4gMnLaHcq,Pure Heroine (Extended),https://i.scdn.co/image/ffd9356f667d5ab0e88ee6b377054e7ffd9b48a7,2013-01-01,2013-01-01,59,White Teeth Teens,6ErhnrFsMVaN8HJzTa5qF5,0.644,0.316,F#,-9.076,minor,0.0355,0.673,4.64e-5,0.15,0.0973,114.004,216600,4,F# minor,49,Lorde
5NrFMOprmnMEf4gMnLaHcq,Pure Heroine (Extended),https://i.scdn.co/image/ffd9356f667d5ab0e88ee6b377054e7ffd9b48a7,2013-01-01,2013-01-01,59,A World Alone,0EJJu2Ag7DqTM8W4o7Vg7q,0.358,0.48,C#,-8.375,minor,0.0428,0.306,0.00163,0.186,0.0653,117.937,294222,4,C# minor,54,Lorde
5NrFMOprmnMEf4gMnLaHcq,Pure Heroine (Extended),https://i.scdn.co/image/ffd9356f667d5ab0e88ee6b377054e7ffd9b48a7,2013-01-01,2013-01-01,59,Bravado,6X1g3qnbYDyaDq3nfuMXEQ,0.493,0.539,G,-10.329,major,0.0995,0.526,0.0228,0.169,0.0384,175.856,221409,4,G major,55,Lorde
5NrFMOprmnMEf4gMnLaHcq,Pure Heroine (Extended),https://i.scdn.co/image/ffd9356f667d5ab0e88ee6b377054e7ffd9b48a7,2013-01-01,2013-01-01,59,Million Dollar Bills,2QFMDWYKwtrttFxqQ7gLGn,0.691,0.551,A#,-6.373,minor,0.0899,0.278,0.0367,0.109,0.432,82.01,138211,4,A# minor,51,Lorde
5NrFMOprmnMEf4gMnLaHcq,Pure Heroine (Extended),https://i.scdn.co/image/ffd9356f667d5ab0e88ee6b377054e7ffd9b48a7,2013-01-01,2013-01-01,59,The Love Club,1joiIJ9KBXA9cTfY5ZR47m,0.793,0.489,F,-7.275,major,0.0561,0.206,0.0101,0.135,0.629,92.027,201434,4,F major,56,Lorde
5NrFMOprmnMEf4gMnLaHcq,Pure Heroine (Extended),https://i.scdn.co/image/ffd9356f667d5ab0e88ee6b377054e7ffd9b48a7,2013-01-01,2013-01-01,59,Biting Down,1DPlfeAmeIY2CTVYaQIa8X,0.835,0.377,C#,-10.926,minor,0.0653,0.76,0.0122,0.107,0.325,116.023,213666,4,C# minor,49,Lorde
5NrFMOprmnMEf4gMnLaHcq,Pure Heroine (Extended),https://i.scdn.co/image/ffd9356f667d5ab0e88ee6b377054e7ffd9b48a7,2013-01-01,2013-01-01,59,Swingin Party,5N27hyf13D44gcmwI7Imqn,0.378,0.257,A#,-13.402,major,0.0392,0.918,3.08e-5,0.119,0.0977,107.031,222363,4,A# major,52,Lorde
1EWpZzB4gOjw0vqsxU8fgl,Melodrama,https://i.scdn.co/image/20a546e75d213ffcb87f9bda7aecb55760c330a1,2017-11-10,2017-11-10,62,Green Light,64E3ELRApb9HEpHGGikfmo,0.602,0.721,A,-7.799,major,0.0986,0.0161,9.12e-6,0.0842,0.244,129.002,234653,4,A major,56,Lorde
1EWpZzB4gOjw0vqsxU8fgl,Melodrama,https://i.scdn.co/image/20a546e75d213ffcb87f9bda7aecb55760c330a1,2017-11-10,2017-11-10,62,Sober,1PCmXXXSOAbWddNxsCsxd4,0.549,0.482,F#,-10.425,major,0.283,0.191,0.00466,0.137,0.487,103.484,197236,4,F# major,55,Lorde
1EWpZzB4gOjw0vqsxU8fgl,Melodrama,https://i.scdn.co/image/20a546e75d213ffcb87f9bda7aecb55760c330a1,2017-11-10,2017-11-10,62,Homemade Dynamite,1cCvYJfIMonvkTsKAD6oME,0.77,0.434,G,-5.563,minor,0.0546,0.235,2.13e-6,0.098,0.208,106.978,189796,4,G minor,56,Lorde
1EWpZzB4gOjw0vqsxU8fgl,Melodrama,https://i.scdn.co/image/20a546e75d213ffcb87f9bda7aecb55760c330a1,2017-11-10,2017-11-10,62,The Louvre,30sh6rnz0cfL1KwQLEOPy9,0.649,0.394,C,-9.993,major,0.0484,0.264,0.00951,0.0891,0.128,123.13,271088,4,C major,55,Lorde
1EWpZzB4gOjw0vqsxU8fgl,Melodrama,https://i.scdn.co/image/20a546e75d213ffcb87f9bda7aecb55760c330a1,2017-11-10,2017-11-10,62,Liability,0iChCqoD3AJXtSTKmGdyQH,0.537,0.217,A#,-11.158,minor,0.122,0.922,0,0.0944,0.356,76.133,171728,4,A# minor,54,Lorde
1EWpZzB4gOjw0vqsxU8fgl,Melodrama,https://i.scdn.co/image/20a546e75d213ffcb87f9bda7aecb55760c330a1,2017-11-10,2017-11-10,62,Hard Feelings/Loveless,4TXbZdypsZFYJkGWuNYEzz,0.417,0.448,C#,-11.036,minor,0.275,0.0322,0.00844,0.0781,0.167,188.018,367391,4,C# minor,55,Lorde
1EWpZzB4gOjw0vqsxU8fgl,Melodrama,https://i.scdn.co/image/20a546e75d213ffcb87f9bda7aecb55760c330a1,2017-11-10,2017-11-10,62,Sober II (Melodrama),6xEmHod14S0MNke7fhuvdQ,0.526,0.32,G#,-11.854,minor,0.0409,0.167,7.72e-6,0.0678,0.116,112.984,178639,4,G# minor,53,Lorde
1EWpZzB4gOjw0vqsxU8fgl,Melodrama,https://i.scdn.co/image/20a546e75d213ffcb87f9bda7aecb55760c330a1,2017-11-10,2017-11-10,62,Writer In The Dark,78tVnyXLeWfZfdT99G4uoK,0.399,0.279,G,-8.048,major,0.0388,0.748,0,0.324,0.267,139.51,216611,3,G major,54,Lorde
1EWpZzB4gOjw0vqsxU8fgl,Melodrama,https://i.scdn.co/image/20a546e75d213ffcb87f9bda7aecb55760c330a1,2017-11-10,2017-11-10,62,Supercut,6TgBrRvbC64WMetf2hXrUS,0.56,0.437,C,-10.429,major,0.0521,0.231,2.24e-5,0.0801,0.15,125.011,277506,4,C major,55,Lorde
1EWpZzB4gOjw0vqsxU8fgl,Melodrama,https://i.scdn.co/image/20a546e75d213ffcb87f9bda7aecb55760c330a1,2017-11-10,2017-11-10,62,Liability (Reprise),7mJi2MLy8eRxCpZE1oc1S8,0.554,0.281,C,-12.132,major,0.0726,0.881,0,0.107,0.25,77.687,136020,4,C major,50,Lorde
1EWpZzB4gOjw0vqsxU8fgl,Melodrama,https://i.scdn.co/image/20a546e75d213ffcb87f9bda7aecb55760c330a1,2017-11-10,2017-11-10,62,Perfect Places,0AMRJZhimNwbc2B4r3EqFn,0.62,0.568,C#,-5.311,minor,0.0532,0.0026,3.36e-5,0.128,0.495,104.244,221874,4,C# minor,54,Lorde
1EWpZzB4gOjw0vqsxU8fgl,Melodrama,https://i.scdn.co/image/20a546e75d213ffcb87f9bda7aecb55760c330a1,2017-11-10,2017-11-10,62,Homemade Dynamite - REMIX,2rE9TX3VQ0WNt7kziFhKep,0.542,0.55,C,-5.072,minor,0.158,0.261,0,0.157,0.172,106.435,214255,4,C minor,66,Lorde
